condition,sensitivity_95ci,precision_95ci,f1_95ci,accuracy_95ci,specificity_95ci
MR,0.87 (0.79–0.92),0.85 (0.77–0.91),0.86 (0.78–0.91),0.86 (0.78–0.91),0.91 (0.84–0.95)
TR,0.85 (0.77–0.91),0.83 (0.74–0.89),0.84 (0.76–0.90),0.84 (0.76–0.90),0.89 (0.81–0.94)
AR,0.86 (0.78–0.91),0.84 (0.76–0.90),0.87 (0.79–0.92),0.82 (0.73–0.88),0.90 (0.83–0.94)
AS,0.74 (0.65–0.82),0.80 (0.71–0.87),0.77 (0.68–0.84),0.78 (0.69–0.85),0.88 (0.80–0.93)
PR,0.82 (0.73–0.88),0.86 (0.78–0.91),0.84 (0.76–0.90),0.87 (0.79–0.92),0.90 (0.83–0.94)
LVDD,0.80 (0.71–0.87),0.77 (0.68–0.84),0.79 (0.70–0.86),0.81 (0.72–0.87),0.87 (0.79–0.92)
LVSD,0.81 (0.72–0.87),0.76 (0.67–0.83),0.78 (0.69–0.85),0.82 (0.73–0.88),0.85 (0.77–0.91)
PAP,0.71 (0.62–0.79),0.65 (0.55–0.74),0.68 (0.58–0.76),0.73 (0.64–0.81),0.79 (0.70–0.85)
LAE,0.68 (0.58–0.76),0.74 (0.65–0.82),0.71 (0.61–0.79),0.70 (0.61–0.78),0.86 (0.78–0.91)
RAE,0.72 (0.63–0.80),0.78 (0.69–0.85),0.71 (0.61–0.79),0.75 (0.66–0.82),0.88 (0.80–0.93)
LVE,0.75 (0.66–0.82),0.72 (0.63–0.80),0.77 (0.68–0.84),0.74 (0.65–0.82),0.83 (0.74–0.89)
RVE,0.70 (0.61–0.78),0.62 (0.52–0.71),0.66 (0.56–0.74),0.67 (0.58–0.76),0.78 (0.69–0.85)
LVH,0.73 (0.64–0.81),0.62 (0.52–0.71),0.64 (0.54–0.73),0.69 (0.60–0.77),0.78 (0.69–0.85)
IVST,0.71 (0.62–0.79),0.77 (0.68–0.84),0.74 (0.65–0.82),0.73 (0.64–0.81),0.83 (0.74–0.89)
PE,0.75 (0.66–0.82),0.68 (0.58–0.76),0.71 (0.61–0.79),0.70 (0.61–0.78),0.82 (0.73–0.88)
WMA,0.80 (0.71–0.87),0.78 (0.69–0.85),0.75 (0.66–0.82),0.83 (0.74–0.89),0.84 (0.76–0.90)
VSD,0.78 (0.69–0.85),0.68 (0.58–0.76),0.75 (0.66–0.82),0.86 (0.78–0.91),0.75 (0.66–0.82)
